Employee_ID,Name,Contact_Info
1,James Miller,james.miller@teacher.com
2,Laura Miller,laura.miller@school.edu
3,John Brown,john.brown@education.org
4,Laura Jones,laura.jones@education.org
5,Michael Jones,michael.jones@school.edu
6,Robert Jones,robert.jones@teacher.com
7,Robert Rodriguez,robert.rodriguez@education.org
8,Robert Jones,robert.jones@education.org
9,Laura Johnson,laura.johnson@education.org
10,Jane Jones,jane.jones@school.edu
11,David Garcia,david.garcia@education.org
12,David Jones,david.jones@education.org
13,Robert Martinez,robert.martinez@school.edu
14,James Brown,james.brown@school.edu
15,James Williams,james.williams@teacher.com
16,Jane Brown,jane.brown@education.org
17,Michael Rodriguez,michael.rodriguez@teacher.com
18,Emily Brown,emily.brown@teacher.com
19,Robert Brown,robert.brown@education.org
20,Michael Williams,michael.williams@education.org
21,John Garcia,john.garcia@school.edu
22,Michael Brown,michael.brown@education.org
23,David Garcia,david.garcia@teacher.com
24,Emily Smith,emily.smith@teacher.com
25,Emily Garcia,emily.garcia@education.org
26,Jane Martinez,jane.martinez@teacher.com
27,Olivia Rodriguez,olivia.rodriguez@teacher.com
28,John Rodriguez,john.rodriguez@school.edu
29,John Johnson,john.johnson@education.org
30,Laura Martinez,laura.martinez@education.org
31,David Miller,david.miller@education.org
32,Jane Martinez,jane.martinez@education.org
33,John Johnson,john.johnson@education.org
34,Jane Davis,jane.davis@teacher.com
35,Laura Davis,laura.davis@education.org
36,James Jones,james.jones@school.edu
37,Jane Jones,jane.jones@education.org
38,David Miller,david.miller@school.edu
39,Jane Davis,jane.davis@school.edu
40,Emily Garcia,emily.garcia@teacher.com
41,Laura Davis,laura.davis@teacher.com
42,Olivia Miller,olivia.miller@education.org
43,Laura Rodriguez,laura.rodriguez@school.edu
44,Robert Rodriguez,robert.rodriguez@school.edu
45,Sarah Brown,sarah.brown@teacher.com
46,Jane Johnson,jane.johnson@teacher.com
47,Sarah Miller,sarah.miller@school.edu
48,Laura Brown,laura.brown@education.org
49,David Martinez,david.martinez@school.edu
50,Jane Miller,jane.miller@education.org
51,John Smith,john.smith@school.edu
52,David Garcia,david.garcia@school.edu
53,Sarah Johnson,sarah.johnson@education.org
54,Sarah Smith,sarah.smith@school.edu
55,Michael Martinez,michael.martinez@school.edu
56,Michael Brown,michael.brown@education.org
57,John Johnson,john.johnson@school.edu
58,Laura Davis,laura.davis@education.org
59,Robert Brown,robert.brown@school.edu
60,Laura Jones,laura.jones@teacher.com
61,Sarah Garcia,sarah.garcia@education.org
62,Olivia Smith,olivia.smith@school.edu
63,James Jones,james.jones@school.edu
64,John Brown,john.brown@school.edu
65,Jane Miller,jane.miller@school.edu
66,Laura Garcia,laura.garcia@education.org
67,John Brown,john.brown@teacher.com
68,Sarah Williams,sarah.williams@school.edu
69,Sarah Jones,sarah.jones@teacher.com
70,David Miller,david.miller@school.edu
71,James Smith,james.smith@teacher.com
72,James Smith,james.smith@education.org
73,Jane Smith,jane.smith@teacher.com
74,Sarah Miller,sarah.miller@school.edu
75,John Williams,john.williams@teacher.com
76,James Davis,james.davis@school.edu
77,John Rodriguez,john.rodriguez@education.org
78,James Martinez,james.martinez@education.org
79,Sarah Jones,sarah.jones@education.org
80,Jane Williams,jane.williams@school.edu
81,Robert Martinez,robert.martinez@teacher.com
82,Jane Johnson,jane.johnson@education.org
83,Laura Rodriguez,laura.rodriguez@teacher.com
84,John Martinez,john.martinez@teacher.com
85,Sarah Jones,sarah.jones@school.edu
86,Olivia Brown,olivia.brown@education.org
87,David Martinez,david.martinez@school.edu
88,Olivia Jones,olivia.jones@education.org
89,Olivia Davis,olivia.davis@school.edu
90,Michael Johnson,michael.johnson@teacher.com
91,Robert Rodriguez,robert.rodriguez@school.edu
92,Laura Garcia,laura.garcia@education.org
93,Sarah Williams,sarah.williams@teacher.com
94,Robert Jones,robert.jones@school.edu
95,Michael Davis,michael.davis@teacher.com
96,Robert Jones,robert.jones@school.edu
97,Emily Martinez,emily.martinez@school.edu
98,Emily Johnson,emily.johnson@school.edu
99,Robert Martinez,robert.martinez@education.org
100,John Brown,john.brown@education.org
